ÈÕÆÚ,AU100,AU9999,AU9995,AUTD,AUTN1,AUTN2
2015/1/5,240.5,240.25,237.5,230.66,270.55,242
2015/1/6,242.01,237,240.05,229.3,294.89,242.8
2015/1/7,243.4,236.58,241,225.66,294.89,242.8
2015/1/8,243,236.7,242.35,224.97,295.5,239.2
2015/1/9,242.9,238.2,243.09,225.02,274.81,239.65
2015/1/12,245.99,239.98,242.6,230.67,279,238.7
2015/1/13,247.19,237.45,242.75,227.3,290,240
2015/1/14,245.5,240.6,245.7,230.35,277,242.8
2015/1/15,245.6,240.55,247.25,228.6,263.1,240.8
2015/1/16,251.5,242.5,245.9,227.4,262.3,243.3
2015/1/19,255.79,243.2,245.05,234.3,252,243.5
2015/1/20,256,242.75,251.5,234.06,234.5,245.4
2015/1/21,260.3,242.93,255.7,235.2,235.7,246.2
2015/1/22,257.32,245.8,255.89,233.5,233.7,246
2015/1/23,259,247.31,260.25,235.5,235.8,245.5
2015/1/26,260.1,247.8,257.1,236.9,237.45,248.35
2015/1/27,257.99,245.1,259.6,236.8,237.5,249.1
2015/1/28,259.01,252,260,237.05,238,248.9
2015/1/29,257.51,255.8,257.9,236.05,237.8,248
2015/1/30,253.99,256,259.1,235.11,234.85,253.7
2015/2/2,257.6,260.3,257.1,228.51,229.4,257.3
2015/2/3,257.8,257.29,254.1,238.7,239.9,258.2
2015/2/4,255.98,259.8,257.31,237.7,238.8,263.5
2015/2/5,256.49,260.8,258.1,238.3,238.5,260.05
2015/2/6,255,258.4,254.75,238.9,239.8,262
2015/2/9,250.4,259.01,255.5,237,237.4,262.9
2015/2/10,251,257.5,254.9,240.17,240.7,261
2015/2/11,249,253.2,249.5,245.85,247.2,262.05
2015/2/12,246.75,257.5,250.2,243.05,246,260.55
2015/2/13,248,258.2,248.8,242.87,244.4,256.95
2015/2/16,249,254.7,245.65,242.82,243.9,260.5
2015/2/17,248.6,255.5,247.6,238.9,240.2,260.7
2015/2/25,245.65,254.91,248.4,238.95,240.95,256.95
2015/2/26,245.39,249.9,247,239.9,241.05,258.65
2015/2/27,245.7,250.3,244.42,240.51,242.5,256.75
2015/3/2,247.5,248.89,244.5,240.2,242,252.6
2015/3/3,245.67,245.95,244.6,236.7,238.7,253.35
2015/3/4,244.65,247.55,247.3,236.38,238.55,252.05
2015/3/5,244.1,248.6,244.85,236.44,238,249.9
2015/3/6,243.2,247.2,243.7,237.55,239.4,250.65
2015/3/9,238.4,244.52,242.7,239.78,241.65,251.1
2015/3/10,236,244.6,242.25,237.55,239.65,251.55
2015/3/11,236.35,244.84,237.2,240,241.7,248.35
2015/3/12,236,247.4,235,240.38,242.8,247.9
2015/3/13,235.5,245,235,242.23,243.35,248.2
2015/3/16,235.99,244.18,235.4,243.01,244.3,250.5
2015/3/17,234,243,234.05,242.4,244.5,248.5
2015/3/18,232,242.3,234.52,242.7,244.8,247.5
2015/3/19,235.5,237.5,233.2,245.7,247.4,247.05
2015/3/20,235.5,235.45,230.8,247.3,248,246.35
2015/3/23,237.6,235.3,234.5,246.15,247.1,241.4
2015/3/24,238.65,235.8,234.8,245.13,245.5,239
2015/3/25,238.2,234.35,236.85,251.65,252.6,240
2015/3/26,241.1,234.85,237.6,255.69,256.8,240
2015/3/27,241,233,238.1,255.82,257.6,237.3
2015/3/30,238.98,231,240.8,260.13,261.8,239.2
2015/3/31,236.5,234.5,240.6,257.1,258.25,237.5
2015/4/1,237.49,234.5,236.8,259.6,260.8,235.6
2015/4/2,240.59,236.65,235.8,260.15,261.65,239
2015/4/3,240,237.61,236.5,257.82,258.65,239.4
2015/4/7,241.5,238.2,240.65,258.95,260.9,240.7
2015/4/8,241.51,241,239.55,257.29,259.5,241.3
2015/4/9,239.27,240.5,241.4,253.7,254.9,241.8
2015/4/10,239.3,238.8,241.75,257.4,259,245
2015/4/13,241.49,235.55,238.5,258,258.7,243.5
2015/4/14,239,236.68,238.8,254.4,255.6,241.15
2015/4/15,238.72,240.3,241.2,255.5,257.85,240
2015/4/16,240.7,239.4,238.6,254.82,256.6,240.3
2015/4/17,240.3,241.45,238.15,249.57,251.45,243.75
2015/4/20,241,241.9,240.45,250.1,251.55,242.55
2015/4/21,239,238.5,240.1,248.6,250.2,245.5
2015/4/22,240.1,238.85,241.25,245.82,247.7,245.5
2015/4/23,237.4,241.3,238.6,247.7,249.3,242.75
2015/4/24,238.8,239.07,239.8,248.55,250.4,242.25
2015/4/27,236.6,238.68,236.9,247.3,249,244.5
2015/4/28,240.39,240.3,238.65,244.41,246.1,242.6
2015/4/29,241.4,240,236.3,244.35,246.5,243.5
2015/4/30,240.4,241.9,239,244.68,246.25,243.95
2015/5/4,237.4,238.5,241.15,246.9,248.85,243
2015/5/5,238,240,239.6,244.85,247,244.1
2015/5/6,238.64,237,236.9,243.87,246,242.1
2015/5/7,237,238.8,237.69,242.66,244.65,243.8
2015/5/8,237.41,236.8,238.45,242,244.5,240.4
2015/5/11,237.7,240.5,236.8,237.09,239.8,241.8
2015/5/12,237.3,241.45,237.5,235,237.5,240
2015/5/13,238.8,240,237,235.01,238,243.9
2015/5/14,242.7,237,236.8,235.2,237,245.5
2015/5/15,243.68,237.7,238.55,234.3,236.4,244
2015/5/18,245.1,238.5,242.6,234.56,236.7,240.9
2015/5/19,243.75,237,242,233.05,236,241.5
2015/5/20,241,237.59,245.09,230.84,233.3,242.45
2015/5/21,241.53,237.17,243.65,234.42,237.15,240.4
2015/5/22,241.79,236.9,240.98,234.4,236.25,241
2015/5/25,240.9,239,241.5,236.72,240,241.1
2015/5/26,239.5,242.8,241.55,237.7,239.5,240.05
2015/5/27,238.49,243.57,240.5,238.05,240.15,242.4
2015/5/28,238.29,245.4,239.05,240.8,242.2,246.25
2015/5/29,237.88,243.55,237.5,240.45,241.65,246.95
2015/6/1,237.39,241.29,237.1,237.7,239.95,248.5
2015/6/2,237.3,241.9,236,235.7,237.25,247.85
2015/6/3,237.99,241.85,236.7,236.5,238.4,244.3
2015/6/4,236.49,240.5,237.01,240.3,241.4,244.6
2015/6/5,235.26,239.15,237,239.52,240,245.9
2015/6/8,236,237.68,235.8,241.3,242.8,243.8
2015/6/9,236,237.25,235.05,241.61,242,242.9
2015/6/10,236.69,237.4,234.9,238.55,239.5,240.65
2015/6/11,237.3,236.8,235,238.75,239.2,240.65
2015/6/12,237,237.4,236.79,241.1,241.05,241
2015/6/15,236.52,237.65,236.45,238.9,240,240.5
2015/6/16,237,235.95,236.1,238.15,239.2,240.85
2015/6/17,236,235,235.8,240.3,240.65,240
2015/6/18,237.4,234.7,236.8,239.92,240.8,239.3
2015/6/19,239,235.17,235.55,241.11,241.8,238.75
2015/6/22,239,236.85,237,238.44,239.4,237.45
2015/6/23,237.73,236.48,239.01,239.69,240.5,238.4
2015/6/24,236,236.55,237,236.9,237.25,239.5
2015/6/25,236.8,236.75,234.7,238.45,238.75,240.2
2015/6/26,234.9,237.3,235.05,236.31,236.75,240
2015/6/29,236.4,235.6,234.4,240.07,240.3,240
2015/6/30,235.74,237.5,235.3,241.3,242.2,239
2015/7/1,234.8,239.4,234.7,239.9,241.25,239.5
2015/7/2,233.31,237.38,234.2,236.8,238.2,241.65
2015/7/3,234.45,235,232.5,237.56,237.8,240
2015/7/6,234.49,235.1,233.2,238.4,239.95,238
2015/7/7,234.5,235,233.3,236.79,238.1,238.4
2015/7/8,232.95,235.56,233.58,237.36,238.25,237.9
2015/7/9,233.5,235,229,237.05,238,239
2015/7/10,233.5,234.4,232.3,236.66,237.25,237.4
2015/7/13,232.6,232.78,232.4,238.7,239.3,237.75
2015/7/14,232,233.58,231.9,242.5,242.8,235.05
2015/7/15,231.9,233.7,230.1,243.42,244.45,236.3
2015/7/16,230.11,233.9,231,245.15,245.25,236.5
2015/7/17,229.9,229.13,229.45,243.15,243.75,236.6
2015/7/20,224,232.6,229,240.97,241.25,230.7
2015/7/21,222.4,232.88,223.7,241.62,241.7,234.3
2015/7/22,219.8,231.5,221.8,241.6,241.8,235
2015/7/23,220.71,230.8,218.7,240.59,241.45,234
2015/7/24,218.88,231.49,219.6,239,239.4,233.1
2015/7/27,221.9,229.6,216.95,237.46,238,233.1
2015/7/28,219.99,229.28,221,237.15,237.45,231.3
2015/7/29,220,223.8,219.5,237.5,237.25,231
2015/7/30,217.8,221.7,219.7,236.65,237,225.3
2015/7/31,217.5,218.9,217,237.2,237.5,221.65
2015/8/3,219.5,219.6,216.7,237.2,237.5,220
2015/8/4,218.61,217.35,219.3,235.95,236.4,220.5
2015/8/5,218.14,221.35,218,234.9,235.25,218
2015/8/6,218,219.5,217.5,234.5,234.7,221.5
2015/8/7,219.7,219.57,217.45,235.1,235.45,221.3
2015/8/10,219.95,217.5,219,236.7,236.7,221.55
2015/8/11,224.99,216.9,219.7,236.4,236.6,219.5
2015/8/12,232.5,219.31,225,236.35,236.45,218.05
2015/8/13,232,218.15,232.3,236.35,230,221
2015/8/14,231,217.56,231.5,236.71,241.8,218.2
2015/8/17,231,217.51,230,235.55,240.85,219
2015/8/18,231.89,218.75,230.55,237.19,241,218
2015/8/19,231.49,219.95,230.9,238.9,243.55,220.2
2015/8/20,234.65,224.99,231.55,236.81,243.55,220.5
2015/8/21,238,232.3,231.69,234.72,241.55,226
2015/8/24,238.79,231,237.8,235.05,241,234.95
2015/8/25,237.5,230.6,238.65,234.55,240.9,233
2015/8/26,235.5,230.7,237.2,235.68,240.3,230.15
2015/8/27,233.6,231,235.4,234.75,241.5,231
2015/8/28,233.9,231.8,233,233.92,240.5,232.2
2015/8/31,234.65,234.7,233.45,232.6,239.1,232
2015/9/1,235.34,238.15,233.41,233.42,239.25,235.2
2015/9/2,234.58,239.59,234.8,233.35,239.3,238.25
2015/9/7,231.61,237.91,234.95,233.6,239.8,239
2015/9/8,231,235.7,230.8,229.21,239,237.4
2015/9/9,231.6,233.2,230.59,232.49,233.2,236.5
2015/9/10,228.61,233.2,231.1,232.4,236,234.1
2015/9/11,229,233.87,228,231.18,236.9,234.3
2015/9/14,228.6,234.7,228.3,230.8,236.5,234.2
2015/9/15,228.37,234.9,227,230.94,235.8,235
2015/9/16,228.26,231,227.85,229.36,236.05,234.8
2015/9/17,230.69,230.59,228,228.9,235,231.5
2015/9/18,232.22,231.1,230.49,223.3,234.6,230.6
2015/9/21,234.5,228.1,231.85,221.3,227.5,231.5
2015/9/22,233.4,228.35,234,218.6,226,229.85
2015/9/23,232.5,227.92,233.3,219.46,225.9,229
2015/9/24,234.38,227.95,232.5,216.89,223.5,228.6
2015/9/25,235.1,228,234.15,221.05,220.5,228.45
2015/9/28,233.35,230.44,235.25,219.29,225,228
2015/9/29,233.45,232,233.5,219.5,222.8,230.6
2015/9/30,230.5,234,230.02,217.22,223.5,232.2
2015/10/8,234.5,233.43,229.94,216.64,222.05,234.2
2015/10/9,234.55,232.45,234.15,219.1,221,233.7
2015/10/12,237.5,233.81,234.7,217.62,222.5,233.55
2015/10/13,236.49,235.24,237.4,217.42,222.5,235
2015/10/14,239.6,233.6,236.2,217.3,221,236.4
2015/10/15,241.73,230.55,239.3,218.95,221,235
2015/10/16,240.2,230.5,241.5,219.67,222,232
2015/10/19,239.8,235,240.35,224.61,223.2,230.6
2015/10/20,239.98,234.75,239.6,231.8,227.55,234.2
2015/10/21,239.9,237.2,239.85,231.25,235.5,234.55
2015/10/22,239.2,236.3,239.9,230.3,235.8,237.7
2015/10/23,240.5,239.81,238,230.36,234.9,236.45
2015/10/26,238.8,241.5,240.2,230.78,235,239.25
2015/10/27,239.2,240.6,238.05,231.45,234.1,241.45
2015/10/28,239.65,239.5,238.03,234.46,235.3,241.2
2015/10/29,237.8,240.1,239.8,237.95,238.4,240.1
2015/10/30,234.4,240.3,237.3,238.6,241.05,239.85
2015/11/2,233.6,239,233,237.05,243,240.3
2015/11/3,232.92,240.4,233.1,235.3,241.9,239.5
2015/11/4,232,238.3,231.85,232.89,238.8,240.5
2015/11/5,228.5,238.45,228.7,233.19,237.45,238.8
2015/11/6,229,240,227.08,233.4,237.2,238.7
2015/11/9,226,237.2,227.5,234.7,237.9,240
2015/11/10,226,233.91,224.2,234.71,238.2,237.8
2015/11/11,224.82,233.3,224.25,230.67,238.5,234.25
2015/11/12,224.2,232.29,224.25,230.48,234.2,233.45
2015/11/13,223.98,228.8,223.55,231.03,233.3,232.3
2015/11/16,226,227.1,222.5,227.9,234.9,229.3
2015/11/17,223,227.44,225.5,228.01,232.7,227.1
2015/11/18,221.52,224.39,222,227.7,233,227.45
2015/11/19,221.8,224.25,220.7,227.75,230.65,224.55
2015/11/20,223.8,224.48,221.5,227.99,230.55,224.4
2015/11/23,221,223.4,223.01,230.31,231,224.6
2015/11/24,221.79,223.4,220.9,231.87,233.5,223.8
2015/11/25,223.29,225.7,221.3,233.92,234.5,222.8
2015/11/26,222.77,222.1,222.65,233.48,236,224.7
2015/11/27,220.72,220.94,221.45,232.65,236,222.7
2015/11/30,218.34,221.6,220.78,233.9,234.4,221
2015/12/1,221.3,223.2,217.78,235.28,235.5,221.7
2015/12/2,221,220.85,221.5,233.53,239,223
2015/12/3,217.97,221.4,220.35,230.68,237,220.8
2015/12/4,219.88,222.9,217.67,229.88,234.5,221.1
2015/12/7,224.6,221.7,219.19,234.13,233,222.6
2015/12/8,223.49,220.76,224.45,234.65,238,221.85
2015/12/9,223.5,218.07,222.5,237.25,236.35,220.9
2015/12/10,223.79,221.55,223.2,236.07,238.7,217.7
2015/12/11,223.5,220.55,222.8,239.7,237.5,221.25
2015/12/14,224.27,217.79,223,241.34,240.5,220.7
2015/12/15,222.35,219.97,223.2,240.28,242.2,217.5
2015/12/16,222.79,224.66,221.6,239.28,241.45,219.2
2015/12/17,223.11,222.3,222.25,239.8,241,224.3
2015/12/18,221.63,223.29,223,239.84,240.7,222.4
2015/12/21,223.85,222.8,224.5,238.71,241.4,223.25
2015/12/22,225.25,222.8,223.7,240.22,241.5,222.6
2015/12/23,224.9,224.12,225,238.05,242,222.85
2015/12/24,224.88,221.65,224.5,238.35,240,224
2015/12/25,225,222.3,224.6,239.69,240.25,222.1
2015/12/28,224.8,223.1,224.95,237.1,241.3,225.65
2015/12/29,225,221.45,224.78,233.86,240,226.35
2015/12/30,224.5,223.95,226.8,233.14,237,224.75
2015/12/31,223.74,225.2,224.45,232.15,235.45,227.65
2016/1/4,225,224.6,226,228.63,234.65,229
2016/1/5,226.87,224.63,224.85,226.91,231.5,228.6
2016/1/6,228.3,225.15,226.6,227.37,229.7,229.4
2016/1/7,234,224.79,228,224.06,229.7,229.4
2016/1/8,233.66,224.73,232.5,223.95,226.55,229.3
2016/1/11,234.8,224.45,233.5,224.25,225.15,229.65
2016/1/12,232.8,222.85,234.85,223.3,225.25,228.55
2016/1/13,229.62,224.78,232.5,223.16,225.5,227.5
2016/1/14,231.5,226.75,229.5,225.49,225.5,228.2
2016/1/15,230.1,228.34,230.8,221.96,227.6,231.5
2016/1/18,231.5,233.2,232,220.65,224,232.5
2016/1/19,231.8,233.55,231.45,221.39,222.9,238.7
2016/1/20,232.18,234.8,231.2,223.08,223.5,238
2016/1/21,234,232.5,232.2,220.88,225,239.25
2016/1/22,232.75,229.21,234,221.32,222.05,236.45
2016/1/25,233.78,231.41,232.9,222.57,222.4,233.8
2016/1/26,236.75,230.5,233.6,221.34,224.3,235
2016/1/27,237,231.7,236.6,220.63,223.15,234.5
2016/1/28,236.8,231.3,237.04,217.71,222.05,235.5
2016/1/29,236.4,232.3,236.8,221.5,219.1,235.4
2016/2/1,237.95,234.18,235.48,220.33,223.45,236.35
2016/2/2,238.76,232.5,237.98,217.5,222.1,237
2016/2/3,239.12,233.7,238.4,218.91,219.5,237.05
2016/2/4,241.89,237,239.1,224.48,220.6,237.45
2016/2/5,244,237.1,241.8,222.24,225.5,240.05
2016/2/15,253.18,236.8,243.7,223.22,224.2,241
2016/2/16,251.5,236.5,253.4,222.92,225,241.2
2016/2/17,253.9,238.1,251.2,222.97,224.55,240.5
2016/2/18,253.25,238.53,253.4,223.7,225,241.8
2016/2/19,257,238.5,252.52,221.84,225.85,242.4
2016/2/22,254.81,241.8,256.7,222.18,224.4,242.95
2016/2/23,256,243.85,254.7,223.16,224.5,245.2
2016/2/24,257.3,253.7,256.05,221.35,225,247.35
2016/2/25,260.8,251.4,256.5,223.66,223.25,257.8
2016/2/26,260.5,254,260.1,225,226,254.3
2016/2/29,259,253.05,259.86,224.39,227.65,257
2016/3/1,261.51,256.72,259.18,224.64,226.75,256
2016/3/2,258.71,254.86,261.6,224.89,227,259.5
2016/3/3,261.2,256.16,258.66,224.55,227.45,258.45
2016/3/4,264.66,257.1,261.08,224.75,226.8,258.8
2016/3/7,264.9,260.32,264.5,224.3,226.85,259.55
2016/3/8,266.1,260.4,264.9,223,228.5,263.5
2016/3/9,263.3,258.69,266,224.65,226,263.6
2016/3/10,261.55,261.12,263.65,226.57,227.5,261.1
2016/3/11,265.02,258.7,261.4,228.11,229.35,264.1
2016/3/14,262.36,261.47,264.54,233.1,230.6,261.6
2016/3/15,257.55,264.74,261.99,233.36,235.7,262.8
2016/3/16,259.11,265,257.39,234.76,235.6,266.5
2016/3/17,263.5,266.16,259.09,232.35,237.3,267.6
2016/3/18,262.6,263.75,263.5,229.2,234.25,268.8
2016/3/21,260,261.45,262.8,231.46,231.8,266.5
2016/3/22,262,264.95,259.58,230.35,234.2,263.5
2016/3/23,258.5,262.1,261.7,231.4,232.45,267
2016/3/24,255.3,257.7,258.3,231.2,232.5,264.5
2016/3/25,255.73,259.2,255.1,232.01,232.45,259.75
2016/3/28,256,263.88,256,234,233.3,261
2016/3/29,255.32,262.4,255.2,232.51,236,265.3
2016/3/30,259,259.73,255.2,233.61,235.35,264.8
2016/3/31,256.6,262.1,257.9,236.64,234.4,261.55
2016/4/1,257.11,258.25,256.3,237.11,238.5,263.7
2016/4/5,255.8,255,256.7,236.85,239.4,260.5
2016/4/6,256.2,256.05,255.3,236.2,238.45,256
2016/4/7,256.5,255.75,255.6,237.9,238.05,258
2016/4/8,257.4,255.02,255.7,238.36,239.75,256.95
2016/4/11,260.87,258.56,257.1,239,240,257.5
2016/4/12,261.5,255.7,260.9,241.8,241.15,260.1
2016/4/13,260.4,257.02,261.5,243.95,243.3,257.65
2016/4/14,258,255.55,259.91,253.42,244.7,258.65
2016/4/15,257.45,255.71,257.5,251.2,255,257.05
2016/4/18,258,255.9,256.8,253.7,253.1,257.55
2016/4/19,258.1,257.3,257.65,253.07,254.7,258.4
2016/4/20,260.2,260.99,259.65,256.64,254.45,259.75
2016/4/21,262.5,261.53,259.9,254.6,257,262.8
2016/4/22,261,259.8,262.8,255.83,256.5,263
2016/4/25,259.39,257.78,260.3,256.6,256,262
2016/4/26,259,257,258.35,260.31,257.6,260
2016/4/27,261.3,258.29,258.2,260.42,260.5,259.15
2016/4/28,262.15,259.9,260.64,258.81,261.1,258.95
2016/4/29,266.05,260,261.75,261.2,259.4,261.35
2016/5/2,266.05,262.66,265.5,258.7,262,261.5
2016/5/3,270.5,260.43,265.5,261.05,259,264
2016/5/4,268.5,259.25,270.5,264.6,261.55,262.45
2016/5/5,268,258.4,269.15,264.81,265.05,261.95
2016/5/6,268.2,260.6,267.6,266.05,265.4,261.35
2016/5/9,268,261.5,268.1,263.7,266.2,262.8
2016/5/10,266.9,266.35,267.8,261.29,264,263.5
2016/5/11,267,270.7,265.9,265.1,261.95,268.1
2016/5/12,266.3,268.35,266.8,262,265.3,273.2
2016/5/13,268,267.75,266.35,257.3,262.1,270.75
2016/5/16,269.5,268.2,266.85,258.94,257.6,270.1
2016/5/17,267.8,268.1,269.45,263.55,259.3,270
2016/5/18,268,266,267.7,262.6,263.5,270
2016/5/19,264.99,267.07,267.7,259.42,262.9,267.85
2016/5/20,264.8,266.5,264,261.94,260.6,268.7
2016/5/23,264.5,267.5,264,258.02,261.5,268.3
2016/5/24,262.3,269.35,263.8,254.88,259,269.35
2016/5/25,258.88,267.9,262,255.83,255,271.25
2016/5/26,260.5,268.1,258.4,255.23,256.2,270
2016/5/27,258.7,264.5,259.5,254.7,255.5,270.2
2016/5/30,255.79,264.59,258,258.53,255.6,266.4
2016/5/31,257.3,264.1,254.75,256.1,259,266.1
2016/6/1,258.32,262.5,257,256.99,256.4,265.4
2016/6/2,258,258.45,258.15,255.25,257.3,265.4
2016/6/3,257.5,259.9,258,255.8,256,260
2016/6/6,262.78,258.05,257.35,255.59,256.5,261.2
2016/6/7,263.1,255.3,262.2,257.13,256.2,259.95
2016/6/8,264.8,256.9,263.05,260.76,258,256.7
2016/6/13,271.81,258.3,265,261.4,261.2,257.1
2016/6/14,271.38,258,271.8,259.83,262,259.7
2016/6/15,272.88,257.4,271,257.44,261,259
2016/6/16,277.28,262.35,272.65,256.89,258.2,258.8
2016/6/17,272,262.9,277.45,257.7,256.9,264.2
2016/6/20,272.5,265,272.2,259.41,258.45,264.5
2016/6/21,271.32,271.75,272.2,259.85,260.3,266.5
2016/6/22,268.79,271.5,271.6,262.65,260.8,273.6
2016/6/23,269,272.8,268.1,260.25,265,273
2016/6/24,280.79,277.7,268.71,258.45,260.3,274
2016/6/27,282.6,272.7,281,258.2,259,279.1
2016/6/28,281.8,272.18,282.6,260.58,258.65,273
2016/6/29,282.9,271.65,281.5,261.75,261.05,273.95
2016/6/30,281.85,268.5,282.5,266.05,262.2,273.3
2016/7/1,285.8,268.9,281.45,270.37,266.35,269.85
2016/7/2,286.99,281.45,285.3,268.19,266.35,269.85
2016/7/4,290.59,282.85,287,267.68,271.85,282.5
2016/7/5,288.52,281.7,289.6,268.07,268.5,284.15
2016/7/6,294,283,288.5,267.9,268.25,282.6
2016/7/7,294,281.5,294.21,265.97,268,284.9
2016/7/8,291.5,285.9,293.9,266.7,268,282.95
2016/7/11,293.21,286.72,291.5,266.3,265.8,287.3
2016/7/12,292.5,289.35,293.1,267.29,266.3,288.5
2016/7/13,289.5,288.69,292,269.22,266.75,291.55
2016/7/14,288,293.83,290,267.5,268,290.05
2016/7/15,287.2,294.25,286.5,267.7,270.3,293.3
2016/7/18,286.3,291.7,286.8,264.07,268.1,295.4
2016/7/19,287,293,286,264.25,268.65,293.2
2016/7/20,286.02,292.4,286.95,263.73,264.35,294.9
2016/7/21,283.1,289.43,285.6,262.13,264.35,293.6
2016/7/22,285,287.4,283,258.3,263.65,291
2016/7/25,283.31,287.05,284.4,259.6,263.7,289.9
2016/7/26,283.95,286.45,282.9,257.93,258.8,288.95
2016/7/27,284,286.97,283.9,255.1,260,288.1
2016/7/28,287.87,285.85,283.45,256.96,258,288.5
2016/7/29,286.2,283.3,287.7,258.1,255,287.15
2016/8/1,287.82,285,285.35,257.76,256.8,284.4
2016/8/2,289.82,283.1,287.85,257.3,258,286.2
2016/8/3,291.48,284,290.1,262.34,257.7,284.9
2016/8/4,288.9,283.5,290.9,262.97,257.2,285.2
2016/8/5,291.5,287.7,288.3,265.1,262.65,285.2
2016/8/8,286.2,285.83,291.85,271.68,263.05,289.25
2016/8/9,286,288.14,286.29,271.34,265,287.3
2016/8/10,289.11,290.1,285.55,272.68,272,289.15
2016/8/11,288,291.9,289.1,277.3,271.6,290.35
2016/8/12,287,289.3,287.7,272.2,272.5,292
2016/8/15,287.47,292.18,286.2,272,280.1,289.95
2016/8/16,288.49,286.45,287.1,271.52,274.2,293.1
2016/8/17,287,289,287.85,268.19,274.2,286.2
2016/8/18,288.65,289.8,286.6,268.67,274.15,286.5
2016/8/19,288.95,287.9,288.35,280.6,271,290.4
2016/8/22,286.3,286.8,288.3,282.6,271.9,289
2016/8/23,287.29,287.35,286.3,281.43,283.1,288.1
2016/8/24,286.65,288,287.5,282.83,286,287.95
2016/8/25,284.5,286.8,286.65,281.72,285,289.45
2016/8/26,285,288.55,284.4,285.87,285.9,287.6
2016/8/29,283.51,288.2,284.65,286.71,284.5,290.6
2016/8/30,284.54,286.35,283.5,289.24,288.9,289.1
2016/8/31,283,286.99,283.61,288.45,288.95,287.2
2016/9/1,281.9,286.7,283.4,293.9,293.2,288.5
2016/9/2,282.99,284.9,280,293.91,291.5,287.35
2016/9/5,285.3,284.85,281.81,291.13,297.4,285
2016/9/6,286.19,283.5,285.2,293.1,297.3,284.95
2016/9/7,289.25,283.98,285.97,292.1,294.8,284.15
2016/9/8,289,283.16,289.21,288.91,296.65,284.7
2016/9/9,287.52,281.41,289.1,287.2,295.1,283.6
2016/9/12,286.5,282.56,287.48,286.7,292,282.8
2016/9/13,286.3,285.39,286.2,286.15,290.05,283.3
2016/9/14,285.5,286.3,286.05,286.8,290,285.2
2016/9/19,283.8,289.4,284.3,285.71,289.3,285.6
2016/9/20,284.6,289.2,283.31,283.09,289.6,292
2016/9/21,284.98,287.7,283.45,284.65,288.5,290.3
2016/9/22,286.9,286.38,284.3,283.15,286.25,288.5
2016/9/23,287.01,286.15,286.5,283.73,287.25,287.25
2016/9/26,287,284.95,286.7,283.38,286.15,287.5
2016/9/27,287.17,283.8,287.15,287.65,286.4,285.75
2016/9/28,284.8,283.5,286.8,285.75,285.5,283.6
2016/9/29,284.5,284.4,284.45,288.01,291.05,285
2016/9/30,285,286.85,283.7,290.24,289.6,283.65
2016/10/10,273.4,286.8,284.69,291.08,291,287.75
2016/10/11,273.5,287.1,273.42,288.6,291.1,287.8
2016/10/12,272.89,287.5,273.3,291.83,294.1,288.1
2016/10/13,273.4,284.96,272.4,286,292,287.95
2016/10/14,273.58,284.54,273.2,285.65,294.8,285.5
2016/10/17,273.37,284.95,272.7,289.3,289.3,285.3
2016/10/18,275,273.6,272.9,287.56,288.55,284.9
2016/10/19,274.99,273.35,274.35,286.69,292.5,274.05
2016/10/20,276.46,272.65,274.44,287.11,290.3,274
2016/10/21,275.65,273.39,276.1,287.98,289.95,273.4
2016/10/24,277.19,272.8,275.5,286.68,290.05,274.65
2016/10/25,277.67,273.02,276.49,288.4,290.6,273.45
2016/10/26,278.7,275,276.9,288.49,289,273.7
2016/10/27,278,274.63,278.45,286.26,291.15,274.95
2016/10/28,277.8,276,277.35,286.88,291.25,275.45
2016/10/31,279.1,275.6,277.11,286.65,289.3,277.3
2016/11/1,280.5,276.8,279,284.69,289.55,275.05
2016/11/2,282.58,277.34,279.9,284.61,289,277.05
2016/11/3,283.5,278.77,281.83,283.45,286.85,278.05
2016/11/4,283.2,277.69,283.5,283.9,287,279
2016/11/7,281.8,277.55,282.4,282.62,286.3,278.2
2016/11/8,281,278.95,281,281.4,286.2,278.5
2016/11/9,288.3,280.1,280.9,282.33,285.55,279.4
2016/11/10,283,282.6,288.3,285.16,284.75,280.2
2016/11/11,279.59,283.7,282.45,285.87,285,282.8
2016/11/14,273.5,282.8,278.2,289.28,287.15,283.8
2016/11/15,273.8,281.45,270.5,289.09,288.85,282.6
2016/11/16,274.79,280.7,273.2,287.58,291.55,281.9
2016/11/17,273.99,288.39,273.9,286.18,292.35,281.4
2016/11/18,271.1,282.6,273,285.8,290.85,288
2016/11/21,273.5,278.49,270.6,284.58,288.8,283.5
2016/11/22,273,271.99,272.55,283.45,289.65,278
2016/11/23,273.5,273.69,273,283.39,287.95,274.95
2016/11/24,270.99,273.2,272.5,284.15,286.85,272.8
2016/11/25,269.4,273.45,270.2,286.6,286.9,274.05
2016/11/28,271,270.75,269,286.83,287.6,273.35
2016/11/29,269,272.8,270.64,287.01,289.7,272.65
2016/11/30,268.5,272.36,268.1,287.25,290.05,273.85
2016/12/1,266,273,267.5,284.47,289.85,273.35
2016/12/2,265.8,270.4,265.4,284.4,289.9,274
2016/12/5,265.38,269.35,265,284.8,288,270.8
2016/12/6,265.2,270.7,265,272.93,287.4,267
2016/12/7,265.05,268.89,264.8,273.09,286.25,271.45
2016/12/8,267.1,268,264.83,272.59,276.05,269
2016/12/9,266,265.5,266.2,273.3,276.1,268.1
2016/12/12,264.81,265.35,265.8,272.69,276.15,265.7
2016/12/13,265.89,265,264.35,272.8,276.3,265.3
2016/12/14,265.75,264.7,265.1,274.5,275.8,265.3
2016/12/15,263.5,265.47,266,274.45,276,265.9
2016/12/16,262.48,268.5,262,276.13,277.55,264.7
2016/12/19,263.35,266.5,262,275.33,277.4,266.3
2016/12/20,263,265,262.8,276.39,278.9,266.8
2016/12/21,261.5,265.35,261.7,276.95,278.4,264.4
2016/12/22,261,265.93,260.8,278.5,279.45,264.6
2016/12/23,260.95,263.5,259.4,277.47,280.1,266.35
2016/12/26,261.5,262.3,259.99,277.39,281.85,263.1
2016/12/27,261.5,262.8,260.82,278.82,281,267.05
2016/12/28,262.8,262.1,261.25,279.78,280.55,269.45
2016/12/29,263.52,260.95,261.5,282.17,281.95,268.2
2016/12/30,265.3,260,262.85,283.54,282.8,267.55
2017/1/3,264.57,259.91,265,282.61,284.8,266.45
2017/1/4,265,261.4,264.05,281.4,286.7,266.65
2017/1/5,265.71,262,264.7,280.68,285,267.8
2017/1/6,265.2,261.92,264.7,287.96,284.75,268.65
2017/1/9,266.47,263,265,282.47,284,270.35
2017/1/10,268.6,264,265.5,278.09,289.6,271.2
2017/1/11,269,263.65,268.4,271.44,286,273.65
2017/1/12,269.33,264.75,268.55,273,281.65,272.85
2017/1/13,269,264.93,269.4,273.48,273.15,272.25
2017/1/16,271,265.3,268.7,273.08,275.15,271.7
2017/1/17,272.02,265.9,270.5,270.48,276.95,272
2017/1/18,271.16,268.11,272,272.39,276.3,271.35
2017/1/19,268.5,269.08,270.91,272.83,273.8,274.3
2017/1/20,269.6,269.35,268.4,272.8,275.15,273.9
2017/1/23,270.66,268.7,269.15,270.15,275.95,274.5
2017/1/24,270.2,270.54,270.18,268.99,276.25,274.5
2017/1/25,268.68,272.15,269.7,270.58,273.85,276.2
2017/1/26,266.4,271.03,267.8,268.65,272,277
2017/2/3,269.51,268,266,267.6,273.95,276.6
2017/2/6,271.91,269.05,269.2,265.36,272.3,273.6
2017/2/7,274.49,270.49,271.84,264.93,271.15,274.7
2017/2/8,274.89,269.85,274.3,265,267.65,276
2017/2/9,276.3,268.08,274.3,264.55,268.2,275.35
2017/2/10,273.65,266.25,276.3,264.62,268.3,272.85
2017/2/13,274.8,269.35,272.6,266.3,267.35,271.15
2017/2/14,274.62,271.8,274.35,265.83,267.6,274.6
2017/2/15,273.65,274.16,273.4,264.3,269.75,277.15
2017/2/16,274.98,274.35,273,264.96,269.15,278.2
2017/2/17,275.68,276.39,274.8,265.42,267.6,279.6
2017/2/20,275.7,272.9,275.93,263.15,268.55,281.6
2017/2/21,275.98,274.65,275.3,261.84,269.6,278.5
2017/2/22,275.8,274.1,275.64,262.7,266.45,279.65
2017/2/23,276.1,273.44,275.55,261.83,265.45,279.2
2017/2/24,279.5,274.9,276,260.86,266.6,278.3
2017/2/27,280.6,275.75,279.55,259.45,265.9,279.65
2017/2/28,280,275.55,280.35,259.88,264.15,280.9
2017/3/1,277.25,275.56,279.89,260.83,262.95,280.05
2017/3/2,278.15,275.58,277.69,261.17,263.55,280.65
2017/3/3,276.3,276.24,278.07,261.85,263.8,280.65
2017/3/6,276.3,279.6,276,262.5,265.1,281.45
2017/3/7,275.5,280.6,276.45,264.34,266.95,284.35
2017/3/8,274.02,281.9,275.2,263.6,268.1,285.3
2017/3/9,272.01,278,273.7,264.62,270,284.2
2017/3/10,270.89,278.35,271.5,264.66,270.15,282.25
2017/3/13,273,276.32,270.25,264.72,269.8,282.5
2017/3/14,271.99,276.54,275,265.41,268.9,280.2
2017/3/15,272.5,275.38,271.25,268.14,268.5,280.75
2017/3/16,275.75,273.78,271.5,268.73,268.95,279.4
2017/3/17,275.68,272.2,275.7,269.38,271.2,277.7
2017/3/20,277.4,270.5,275.5,268.64,271.5,276.3
2017/3/21,276.6,272.88,277.05,270.43,271.75,274.8
2017/3/22,278.4,271.3,275.8,271.88,271,276.6
2017/3/23,278.6,271.55,278.6,270.99,272.8,275.8
2017/3/24,277.7,275.9,278.21,268.11,274.6,275.5
2017/3/27,280.41,275.61,277.85,269.16,273.2,279.9
2017/3/28,280.4,277.05,280.51,270.19,271,279.95
2017/3/29,279.8,275.75,280.2,269.7,271.4,281.35
2017/3/30,279.26,278.2,279.65,268.06,272.85,280.15
2017/3/31,277.98,278.25,279.1,266.17,272.1,283
2017/4/5,280.3,277.88,277.8,269.18,269.65,282.3
2017/4/6,280.5,280.51,280.25,271.7,269.2,281.85
2017/4/7,282.11,280.23,280.25,274.16,271.3,284.35
2017/4/10,281.1,279.72,282.9,274.54,273.95,284.15
2017/4/11,281.5,279.55,281.3,276.3,275.3,283.35
2017/4/12,284.52,277.8,281.55,272.84,276.65,283.65
2017/4/13,286.39,280.6,284.43,274.47,278.2,281.85
2017/4/14,286.8,280.2,286.3,273.86,275.25,283.9
2017/4/17,287,282.65,286.7,273.16,276.3,284.4
2017/4/18,285.75,281.4,286.9,274.75,276,287.35
2017/4/19,285.98,281.9,285.95,275.94,275.15,285.15
2017/4/20,285.31,284.4,285.65,275.32,276,285.85
2017/4/21,285.15,286.78,285.5,275.49,277.45,288.6
2017/4/24,283.7,286.6,285.2,275.59,276.45,288.55
2017/4/25,283.7,286.95,283.3,276,277.2,291.85
2017/4/26,282.21,286.15,283.35,279.78,277.3,290.8
2017/4/27,282.89,285.72,281.8,280.37,277.5,289.5
2017/4/28,283,285.42,282.55,279.48,281.35,288.75
2017/5/2,281,285.4,282.9,277.57,282.2,288.3
2017/5/3,280.5,283.55,280.78,278.12,281.2,288.3
2017/5/4,276.28,283.3,280.2,275.99,279.1,286.5
2017/5/5,276.96,282.05,275.9,276.27,279.45,286.5
2017/5/8,275.5,282.6,275.5,275.04,277,285.45
2017/5/9,275,283.48,275.38,273.54,277.4,285.6
2017/5/10,275.45,280.86,274,272.09,276.45,285.95
2017/5/11,274.75,280.45,273.71,270.13,274.7,284.1
2017/5/12,275.1,276.12,273.86,272.47,273.2,283.55
2017/5/15,276,275.8,275.2,271.09,271.2,280
2017/5/16,276.7,275.7,276,271.39,273.65,278.8
2017/5/17,278,275.27,276.6,275.64,272.35,279
2017/5/18,279.65,273.9,277.64,275.62,272.4,279
2017/5/19,279,274.3,279.35,277.17,276.95,277.2
2017/5/22,280,275.5,278.6,275.83,277.15,278.15
2017/5/23,281,276.25,279.7,278.35,278.3,278.9
2017/5/24,279,276.7,281.1,278.26,277.5,279.5
2017/5/25,280.08,277.65,278.6,278,279.9,280
2017/5/26,280.57,279.9,280,280.51,279.7,280.8
2017/5/31,279.6,279.11,280.4,280.38,279,283
2017/6/1,278.99,280.01,278.75,279.63,282,282.7
2017/6/2,278.69,281.44,278.85,279.6,281,282.9
2017/6/5,281.52,278.52,278,277.63,280.65,284.6
2017/6/6,283.5,279.75,281.35,280.42,281.3,281.5
2017/6/7,283.59,280.35,283.4,280.24,278.75,283.5
2017/6/8,283.5,279,283.75,282.6,281.2,282.6
2017/6/9,280.01,279,282.6,281.22,281.35,282.2
2017/6/12,279.12,278.18,280.09,281.45,283.8,280.5
2017/6/13,278.6,281.98,278.41,284.5,282.95,280.9
2017/6/14,279.6,283.22,278.2,286.4,282.45,284
2017/6/15,278.2,283.68,279.1,286.72,285.4,286.3
2017/6/16,277.1,282.62,277.4,286.78,287.55,286.7
2017/6/19,276.94,279.73,276.89,285.88,287.7,286
2017/6/20,276.4,278.95,276.3,285.7,287.05,282.95
2017/6/21,276.3,278.38,275.9,285.43,286.55,281.2
2017/6/22,278,279.3,275.8,285.26,286.2,281.55
2017/6/23,278.1,277.54,277.35,283.48,286.05,282.5
2017/6/26,278.79,276.9,277.8,283.3,285.7,280
2017/6/27,276.82,276.2,277.98,282.17,284.5,280.8
2017/6/28,276.98,276.2,276.64,282.54,284.4,279.2
2017/6/29,275,275.85,276.1,283.18,283.45,279.1
2017/6/30,273.78,277.45,274.8,280.84,283.2,278.95
2017/7/3,272.25,277.78,273.1,280.08,283.5,280.2
2017/7/4,271.79,277.9,271.95,276.04,281.5,280.6
2017/7/5,270.5,276.5,270.25,275.65,281,281
2017/7/6,270.31,275.99,270,275.3,277.15,280.4
2017/7/7,270.1,275.1,270.09,274.83,276.2,280
2017/7/10,266.36,273.1,269.75,273.55,276,278
2017/7/11,267.61,271.85,265.6,274,276,276.05
2017/7/12,268.9,270.35,267.4,275.08,274.2,275
2017/7/13,269.55,270.28,268.5,275.91,275.5,273.5
2017/7/14,268.3,270.18,268.8,276.49,276.2,273
2017/7/17,270.76,269.8,267.7,277.55,276.85,272.95
2017/7/18,271.38,265.78,270.15,279.99,277.1,272.2
2017/7/19,271.85,267.6,270.8,279.14,277.8,268.5
2017/7/20,271.85,268.9,271.4,279.95,279.65,270.05
2017/7/21,273.37,269.1,271.25,281.2,279.45,270.35
2017/7/24,274.1,267.8,273.1,278.52,280.6,271.6
2017/7/25,274.08,270.45,273.2,279.94,282,271.8
2017/7/26,272,271.09,273.8,280.31,279.5,272.95
2017/7/27,275,271.35,272,278.96,280.95,273.85
2017/7/28,274.7,271.28,274.6,278.88,280.95,273.45
2017/7/31,275.5,273.18,274,277.96,279.3,274.15
2017/8/1,275.6,273.8,270.5,281.65,278.8,275.75
2017/8/2,275.27,273.8,275.2,283.27,278.3,276.35
2017/8/3,274,272.3,274.9,283.8,281.6,276.85
2017/8/4,275,274.6,273.7,282.75,283.35,274.3
2017/8/7,273.41,274.2,275.4,279.9,283.6,277.35
2017/8/8,273.42,275.09,273.1,278.67,282.95,277.55
2017/8/9,273.93,275.23,273.15,278.3,280.05,278.1
2017/8/10,275.5,274.8,274,279.15,279.5,278.3
2017/8/11,276.51,273.49,275,277.35,278.4,277.85
2017/8/14,277.2,275.2,276.7,276.89,279.2,276.65
2017/8/15,275.2,273.38,276.62,276.1,272.5,278.35
2017/8/16,274.99,273.14,274.8,275.83,281.4,276.1
2017/8/17,277,274.15,274.35,275.61,280.5,275.6
2017/8/18,278.02,275.48,277.1,277.2,280.95,277.5
2017/8/21,277.88,276.75,278.5,277.52,280.8,278.6
2017/8/22,277.17,276.6,277.49,277.81,282.1,280
2017/8/23,277.1,274.7,276.5,276.43,283,280.2
2017/8/24,277.6,274.67,276.9,275.75,283.05,277.7
2017/8/25,277.3,277,277,274.88,282.95,277.3
2017/8/28,278.18,278.5,276.98,272.83,281.6,280.1
2017/8/29,281.1,277.51,278.15,271.57,280.9,281
2017/8/30,279,276.55,280.5,269.96,279,279.6
2017/8/31,278,277,278,269.9,277.65,278.9
2017/9/1,279.9,277,277.9,269.92,275.6,279.15
2017/9/4,282.28,276.8,279.98,269.53,276.2,279.4
2017/9/5,281.2,278.2,282.1,265.67,275.45,279.05
2017/9/6,282.3,281.2,281.4,267.24,274.95,280
2017/9/7,281.2,278,281.65,268.5,272.45,282.2
2017/9/8,281.9,277.91,281.4,268.82,272.6,280.8
2017/9/11,281,279.54,281.3,267.5,274.05,280.45
2017/9/12,279.97,282.05,281.17,270.25,274.8,282.2
2017/9/13,280.29,281.2,279.5,270.79,273.6,284.1
2017/9/14,279.79,282.4,280.35,271.39,276.05,283.8
2017/9/15,280.14,281.39,279.5,271.32,277,284.2
2017/9/18,279.1,281.75,280.6,273.02,276.3,283.05
2017/9/19,278,281.45,278.58,273.71,276.25,283.7
2017/9/20,278.75,279.88,278.5,273.87,278.55,281.2
2017/9/21,276.5,279.95,278.7,271.95,279.2,281.75
2017/9/22,278.45,280.2,276.05,274.78,279.5,281
2017/9/25,277.2,278.95,276.98,274.28,277.3,282.05
2017/9/26,280.6,278.65,280.2,275.14,280.7,280.05
2017/9/27,278.85,276.45,277.75,275.25,280.35,277.65
2017/9/28,277,277.38,277.68,274.85,281.15,277.9
2017/9/29,277.96,276.61,277.68,273.6,281.5,278
2017/10/9,277.35,280.1,277.68,275.47,280.7,279
2017/10/10,276.3,277.65,276,273.1,279.5,276.95
2017/10/11,275.49,276.33,275.55,272.95,281.3,279
2017/10/12,276.98,277.5,275,273.93,278.65,275.8
2017/10/13,277,275.1,276.25,276.83,278.45,277.35
2017/10/16,277.86,276.5,278,276.6,279.45,278.3
2017/10/17,276.9,276.75,276.1,274.75,282.25,277.2
2017/10/18,275.55,275.7,275.4,274.35,282.7,276.5
2017/10/19,275.5,274.9,274.7,277.17,280.75,275.9
2017/10/20,276.25,274.81,275,278.49,280.2,276.15
2017/10/23,274.59,274.1,273.6,277.35,283.2,275.1
2017/10/24,274.52,275.05,274.6,276.5,284,275.85
2017/10/25,273.98,273.9,273.4,276.86,283.5,274.85
2017/10/26,274.81,274.5,274.55,276.95,282.05,275.9
2017/10/27,273.69,272.95,272.75,276.86,282.2,273.5
2017/10/30,273,272.91,273.1,278.15,282.6,274.25
2017/10/31,273.58,273.9,273.94,281.17,283.35,274.7
2017/11/1,273.5,273.45,273.15,278.14,283.3,274
2017/11/2,273.93,273.25,273.1,278,286.4,273.7
2017/11/3,274.01,273.62,273.33,279.63,284,273.55
2017/11/6,273.09,273.07,272.9,281.99,283.6,274
2017/11/7,274.5,274.35,274.24,281.3,285.2,274.9
2017/11/8,274.86,274.55,274.55,282.2,286.7,274.9
2017/11/9,275.02,275.43,275.4,281.11,287.05,275.95
2017/11/10,275.83,275.85,276,281.76,287.35,276.65
2017/11/13,275,274.95,274.76,280.95,286.8,275.35
2017/11/14,275.19,274.49,274.45,279.62,286.95,275.25
2017/11/15,275.5,275.05,275.05,280.2,286.05,274.65
2017/11/16,274.84,274,274,279.65,284.8,275.1
2017/11/17,274.65,274.85,274.85,280.28,285.1,276.15
2017/11/20,276.13,276.3,276.35,278.67,284.55,276.6
2017/11/21,275.32,274.9,274.7,278.35,285.55,275.75
2017/11/22,274.8,274.7,274.65,278.61,283.35,275.6
2017/11/23,275,275.15,275,276.05,283.55,275.9
2017/11/24,275.5,275.2,275.11,276.76,283.8,276.15
2017/11/27,275,275.35,275.2,276.21,282,276.2
2017/11/28,275.81,275.7,275.7,280.01,281.45,276.9
2017/11/29,276.4,276.18,275.52,277.61,281.1,276.9
2017/11/30,274.4,274.39,274.15,276.6,285.1,274.5
2017/12/1,273,272.83,272.55,277.6,283.25,272.9
2017/12/4,273.49,272.65,272.4,275.9,281.45,272.5
2017/12/5,272.8,272.88,272.6,274.8,282.4,272.6
2017/12/6,271.8,271.42,271.24,276.21,280.55,270.8
2017/12/7,269.8,269.28,269.3,277.75,280.9,269.2
2017/12/8,269,267.9,267.45,276.3,282,267.45
2017/12/11,268.5,268.3,268.05,274.66,280.85,267.85
2017/12/12,268,267.53,267.2,274.75,279.75,267.2
2017/12/13,267.5,267.8,266.95,273.78,279.25,266.9
2017/12/14,270.12,270,269.69,274.65,278.3,269.5
2017/12/15,269.99,269.57,269.38,272.68,279.1,275
2017/12/18,270.58,269.98,269.6,273.08,277.5,277.5
2017/12/19,271.5,271.25,271,273.8,277.5,279.75
2017/12/20,270.5,270.68,270.5,273.15,278.75,278.8
2017/12/21,270.5,270.15,269.9,272.91,278.1,278.6
2017/12/22,271.5,270.5,270.35,273.3,278.2,279.2
2017/12/25,272.3,271.55,271.63,274.19,278.3,280.9
2017/12/26,272.6,271.99,271.7,274.5,277.75,280.5
2017/12/27,273,272.75,272.69,275.41,278.6,281.2
2017/12/28,272.33,273.51,273.5,276,279.9,282.1
2017/12/29,273.5,273,273.39,274.85,280.9,281.7
2018/1/2,275,275.3,275.05,274.47,279.55,282.6
2018/1/3,276.39,276,276,275.12,279.35,283.4
2018/1/4,275.5,275.11,275.32,274.13,280.15,282.9
2018/1/5,276.29,276.25,276.3,274.62,279.1,283.55
2018/1/8,276.6,276.6,276.7,276.23,280,283
2018/1/9,277,277.2,277.1,274.7,280.55,284.45
2018/1/10,276.2,276.65,276.6,274.7,280.15,283.55
2018/1/11,277.8,277.75,277.1,275.07,279.9,284.65
2018/1/12,278.4,278.4,278.5,275.04,280.1,285.3
2018/1/15,279.45,279.54,289.15,275.21,280.05,286.3
2018/1/16,278.98,278.8,279,275.74,280.4,285.6
2018/1/17,278.12,277.65,277.65,276.03,281.65,284.75
2018/1/18,276.99,276.15,276.19,274.23,281.7,282.9
2018/1/19,276.3,275.6,275.69,272.55,279.4,282.7
2018/1/22,275.66,275.95,276,272.28,277.9,282.6
2018/1/23,277.45,277.04,277,272.6,277.35,282.4
2018/1/24,277.98,277.93,277.7,271.28,277.8,284.8
2018/1/25,278.62,278.83,278.8,267.4,276.2,285.85
2018/1/26,277.18,277.5,277.5,266.9,272.45,284.4
2018/1/29,276.1,275.98,275.9,269.57,271.75,282.6
2018/1/30,274.71,274.09,274,269.39,274.45,280.95
2018/1/31,274.5,274.05,274,269.55,274.4,280.85
2018/2/1,273.36,273.43,273.3,270.92,274.35,280.5
2018/2/2,273.69,273.75,273.75,270.31,275.65,280.8
2018/2/5,271.8,271.45,271.45,269.86,274.9,278.2
2018/2/6,273.8,273.25,273.1,270.2,274.65,280.2
2018/2/7,269.8,269.75,269.75,271.5,274.9,276.4
2018/2/8,269.5,269.4,269.19,271.65,276.4,275.75
2018/2/9,270,269.55,269.4,272.68,276.4,277.15
2018/2/12,270.3,270.1,269.75,273.42,277.1,276.65
2018/2/13,271.2,271.26,270.8,273.02,278.05,278
2018/2/14,272.89,273.21,273,275,277.8,279.8
2018/2/22,270.78,271.35,271.32,276.07,279.25,277.9
2018/2/23,272.29,271.95,271.51,275.18,280,278.8
2018/2/26,273.99,273.61,273.5,276.2,279.05,280
2018/2/27,272.84,272.3,272.2,276.46,279.9,279
2018/2/28,270.1,270.3,270,277.13,280.1,276.5
2018/3/1,270.19,269.78,269.8,276.65,280.6,275.8
2018/3/2,271.24,270.9,270.85,277.61,279.9,276.9
2018/3/5,272.3,272.09,271.8,278.34,281.05,278.15
2018/3/6,271.8,271.15,271.2,279.23,281.7,277.45
2018/3/7,272.5,272.3,272.1,278.73,282.25,279.1
2018/3/8,272.9,272.21,272,277.65,281.65,278.35
2018/3/9,271,270.55,270.4,275.99,280.9,277.05
2018/3/12,270.88,270.87,270.7,275.58,279.15,277.2
2018/3/13,271,270.7,270.4,275.8,278.3,276.35
2018/3/14,271.89,271.1,271,276.82,278.75,277.05
2018/3/15,271.49,270.98,270.82,277.76,279.55,276.65
2018/3/16,270.36,270.3,269.85,278.85,280.5,275.8
2018/3/19,268.8,268.6,268.3,277.36,281.9,274.3
2018/3/20,269.9,269.6,269.45,275.85,280.1,275.6
2018/3/21,269.88,269.68,269.5,273.86,278.8,275.5
2018/3/22,271.86,272.07,272.1,273.88,276.4,277.8
2018/3/23,274.7,274.98,274.75,273.75,276.85,281
2018/3/26,274.08,274.17,274.1,271.42,276.45,280.55
2018/3/27,274.3,274.3,274.2,273.1,274.1,280.45
2018/3/28,272.9,272.53,272.4,269.07,275.9,278.8
2018/3/29,270.5,269.89,269.6,269.18,272,275.6
2018/3/30,270.3,270.56,270,269.82,272.95,275.9
2018/4/2,270.85,270.8,270.4,271.1,272.95,276.35
2018/4/3,272.77,272.4,272.25,272.79,274.05,278.2
2018/4/4,272.5,272.2,271.9,271.2,275.15,277.35
2018/4/9,272,271.5,271.4,271.81,273.95,277
2018/4/10,272.48,271.97,271.6,273.4,274.9,277
2018/4/11,273.5,272.9,273.1,272.2,275.9,278.1
2018/4/12,274.45,274.05,274.2,270,274.55,279.6
2018/4/13,272.5,272.49,271.85,269.5,272.15,277.8
2018/4/16,273.2,272.86,272.2,270.8,271.8,279.4
2018/4/17,273.06,273.5,273.35,271.78,272.3,278.6
2018/4/18,273.75,273.08,273.3,271,273.65,278.4
2018/4/19,274.2,274.1,274,272.2,273.25,279.2
2018/4/20,273.97,272.9,272.8,271.9,274.6,278.2
2018/4/23,272.4,271.45,271.4,270.6,274,276.65
2018/4/24,270.5,271.09,270.75,270.3,272.8,275.8
2018/4/25,271.02,270.51,270.5,270.92,272.35,275.5
2018/4/26,271.7,271.28,271,270.76,272.8,275.85
2018/4/27,270.6,270.3,270.49,269.72,272.6,275.05
2018/5/2,269.5,269.88,269.4,268.4,271.5,274.4
2018/5/3,269.61,269.5,269.1,269.22,270.25,274.1
2018/5/4,270,269.7,269.4,269.45,271.15,274.15
2018/5/7,270.93,270,270.1,274.77,271.35,275.35
2018/5/8,270.77,270.35,270.1,274.18,276.35,274.7
2018/5/9,270.29,269.74,269.4,274.25,276,274.3
2018/5/10,270.2,270.1,269.9,272.3,275.8,274.8
2018/5/11,270.98,270.79,270.6,269.9,274.05,275.2
2018/5/14,270.1,270.5,270.5,270.2,271.35,275.5
2018/5/15,269.97,269.45,269.39,270.65,271.7,274.1
2018/5/16,267.3,267.1,267,272.15,272,271.2
2018/5/17,266.16,265.49,265.2,271.82,274.1,270
2018/5/18,266.18,265.98,265.76,271.28,273.3,270.3
2018/5/21,265.94,265.1,265,271.63,272.85,269.7
2018/5/22,266.3,266.05,265.75,272.84,272.9,270.55
2018/5/23,266.5,266.5,266.35,274.08,274.2,270.85
2018/5/24,267.5,267.69,267.35,272.13,275.3,272.25
2018/5/25,269.5,268.89,268.9,272.69,273.4,273.25
2018/5/28,268,267.8,267.3,273.21,274.15,272.8
2018/5/29,269.17,268.4,268.5,273.05,274.55,273.05
2018/5/30,269.8,268.85,269,273.99,274.6,273.85
2018/5/31,269.4,269.55,269.65,272.68,275.2,274.45
2018/6/1,268.41,269.1,269.95,271.32,274.1,273.9
2018/6/4,268.1,267.95,267.8,270.92,272.8,272.5
2018/6/5,267.97,267.5,267.35,270.45,271.95,272.05
2018/6/6,267.8,267.87,267.75,270.99,271.85,273.3
2018/6/7,267.7,267.76,267.8,270.2,272.3,272.45
2018/6/8,268.38,268.13,267.85,269.65,271.1,272.4
2018/6/11,268.5,268.3,268.25,269.35,270.35,273.55
2018/6/12,268.5,268.1,268.2,269.35,270.2,273
2018/6/13,268,267.89,267.85,269.93,270.5,272.55
2018/6/14,268.71,268.93,268.71,270.16,271.1,273.1
2018/6/15,269.1,268.61,268.8,269.5,271.15,273
2018/6/19,267.75,267.9,267.5,269.91,270.35,271.25
2018/6/20,267,266.32,266.1,270.6,271.2,270.4
2018/6/21,266.19,265.75,265.5,270.46,271.2,269.75
2018/6/22,267.4,266.7,266.45,269.25,271.3,270.9
2018/6/25,267.87,267.12,267.15,266.84,270,271.2
2018/6/26,267.6,267.2,267.25,265.3,267.2,271.25
2018/6/27,268.27,267.5,267.5,265.55,266.3,271.45
2018/6/28,267.5,267,267.1,264.97,266.45,271.65
2018/6/29,267.5,267.35,267,265.8,265.65,271.15
2018/7/2,268.35,267.8,267.9,266.4,265.6,272.25
2018/7/3,268.59,267.97,267.9,267.54,266.8,271.9
2018/7/4,268.8,268.4,268.5,267.75,268,272.8
2018/7/5,268.9,268.25,268.5,268.45,268.05,272.85
2018/7/6,269.58,269.21,269.25,269,269.15,273.2
2018/7/9,269.69,269.25,269.2,269.65,269.7,272.65
2018/7/10,268.6,268.25,268.3,268.91,269.9,272.2
2018/7/11,269.08,269,269,267.96,268.5,273.1
2018/7/12,268.6,268,267.8,267.4,267.55,272
2018/7/13,268,267.8,267.9,267.84,267.3,271.85
2018/7/16,268.98,268.15,268.15,267.9,267.75,272.35
2018/7/17,268.3,267.9,267.9,268.08,267.6,271.55
2018/7/18,265.4,265.55,265.1,268.25,267.6,268.75
2018/7/19,266.8,266.3,266,268.3,268,270.3
2018/7/20,267.5,267.5,267.1,267.8,267.45,270.5
2018/7/23,268.73,268.4,268.3,268.82,267.9,271.85
2018/7/24,268.27,268.4,268.03,268.88,268.8,271.45
2018/7/25,268.4,268,268,267.5,269,271.65
2018/7/26,269.39,268.58,268.6,265.47,275.3,272.05
2018/7/27,269,268.25,268.4,266.4,274.75,271.8
2018/7/30,268.67,268.28,268.5,267.15,274.9,271.45
2018/7/31,269.39,268.65,268.8,267.11,275.05,271.7
2018/8/1,269,268.25,268.3,267.4,275.2,271.3
2018/8/2,268.39,268.04,268,267,275.1,270.15
2018/8/3,268.2,267.82,267.8,267.24,275.05,270.85
2018/8/6,268.1,267.6,267.5,267.8,275,270.15
2018/8/7,268.05,267.8,267.6,267.9,275.8,270.1
2018/8/8,267.45,267.25,267,268.48,275.7,269.55
2018/8/9,267.8,267.15,267.15,268.4,276.8,269.2
2018/8/10,267.7,267.29,267,269.25,276.5,269.35
2018/8/13,268.49,267.7,267.6,268.96,277.15,270.25
2018/8/14,266.19,265.52,265.55,268.25,276.9,267.55
2018/8/15,265.15,265,265,269.08,276.1,267.1
2018/8/16,262.5,262.45,262.29,267.64,276.4,263.95
2018/8/17,262.49,261.64,261.5,268.06,275.95,263.55
2018/8/20,263.55,263.18,263,267.73,276.5,265.05
2018/8/21,265,264.55,264.4,265.1,275.3,266.35
2018/8/22,264.56,264.1,264.2,266.12,272.95,266.1
2018/8/23,264.96,264.25,263.99,267,274.05,266.5
2018/8/24,264.9,264.6,264.6,268.33,274.6,265.85
2018/8/27,265.48,265.3,265.3,268.42,276.2,267.35
2018/8/28,266.79,266.3,266.5,268.05,275.5,268
2018/8/29,265.93,265.7,265.35,268.57,276.1,267
2018/8/30,265.8,266,265.9,268.3,275.8,265.25
2018/8/31,266.5,266.45,266.2,268.35,275.85,267.9
2018/9/3,265.53,265,264.9,268.71,275.85,266.95
2018/9/4,264.3,264.1,264,268.24,276,265.95
2018/9/5,264.59,264.1,264,267.91,274.9,265.3
2018/9/6,265,264.8,264.6,267.75,274.3,266.35
2018/9/7,266,265.2,265.3,267.48,274.35,267
2018/9/10,265.2,265.2,264.8,267.35,274,266.25
2018/9/11,266.5,265.35,265.3,266.96,273.3,266.85
2018/9/12,265.5,265.2,265.1,267,272.6,266.95
2018/9/13,266.76,266.15,266.2,267.55,274.1,268.45
2018/9/14,266.95,266.7,266.7,265.45,271.95,268.45
2018/9/17,266.29,265.65,265.56,262.28,267.85,267.35
2018/9/18,266.78,265.8,265.6,261.4,267.65,267.5
2018/9/19,267,266.7,266.5,262.99,269.2,267.9
2018/9/20,267.19,266.5,266.5,264.15,270.05,268.4
2018/9/21,267.68,267.9,267.4,264.04,270.45,269
2018/9/25,266.45,266.5,266.34,264.5,269.85,267.75
2018/9/26,266.71,267.1,266.85,265.28,271.5,268.4
2018/9/27,266.87,266.32,266,266.34,272.35,267.55
2018/9/28,264.69,264,263.68,265.5,271.25,264.65
2018/10/8,267.6,266.98,266.8,265.86,271.6,268.6
2018/10/9,267.39,266.75,266.4,266.35,271.45,267.85
2018/10/10,267,266.42,266.45,264.92,271,268.05
2018/10/11,268.49,268.29,268.1,264.16,270.25,269.5
2018/10/12,271.5,271.1,271.7,263.93,269.75,273
2018/10/15,275,274.45,274.55,264.84,270.6,275.4
2018/10/16,274.47,274.25,274.4,265.15,271.4,275.4
2018/10/17,273.55,273.8,273.4,264.79,270.35,274.35
2018/10/18,273.95,273.7,273.6,265.2,271.05,274.55
2018/10/19,274.98,274.2,274.8,265.23,271.1,276
2018/10/22,275.18,274.7,274.8,266.28,272.1,276.05
2018/10/23,276.4,276.35,276.4,266.63,272.6,277
2018/10/24,276.5,276.21,276.4,265.72,271.9,277.85
2018/10/25,277.5,276.5,277.2,266.5,271.85,278.25
2018/10/26,277.3,277.45,277.4,266.48,272.15,278.65
2018/10/29,277.55,277.25,276.8,267.29,272.65,278
2018/10/30,276.97,275.8,276.2,266.12,271.8,276.95
2018/10/31,274,273.8,273.7,266.75,272.6,275.05
2018/11/1,275.28,274.85,274.65,265.9,271.45,275.5
2018/11/2,274.99,274.34,274.3,263.8,269,275.45
2018/11/5,275.69,275.62,275.15,266.91,272.7,275.7
2018/11/6,275,274.9,274.7,266.33,272.1,275.7
2018/11/7,275.5,275.45,274.9,266.37,272.25,276
2018/11/8,273.62,273.88,273.7,268.16,273.6,274.5
2018/11/9,274.3,273.55,273.3,271.7,277.05,274.4
2018/11/12,275,271.35,271.35,274.5,279.95,272.05
2018/11/13,271.49,270.6,270.4,274.36,279.2,271
2018/11/14,271.28,270.13,270.14,273.6,278.85,271.2
2018/11/15,272,272.09,271.75,273.55,278.6,272.45
2018/11/16,272.9,272.6,272.29,274.37,280.4,273.1
2018/11/19,273.89,273.75,273.4,274.76,280.1,273.9
2018/11/20,274.66,274.45,274.3,276.2,281.4,275
2018/11/21,274.6,274.39,274.1,276.29,281.5,274.65
2018/11/22,275,274.65,274.5,276.73,282.85,275.35
2018/11/23,275.2,274.65,274.5,277.28,282.85,275.6
2018/11/26,274.99,275,274.65,276.85,282.15,275.6
2018/11/27,274.79,274.2,274.2,275.8,281.8,274.8
2018/11/28,274,272.9,272.9,273.83,279.55,273.5
2018/11/29,274.41,274.6,274.5,274.65,279.55,275.2
2018/11/30,274.3,274.65,274.6,274.5,280.3,275.2
2018/12/3,274.5,274.28,274.1,274.89,280.3,274.6
2018/12/4,274.78,273.9,273.7,275.24,280.6,274.1
2018/12/5,274.67,274.35,274.29,273.82,279.2,274.45
2018/12/6,275.32,275.3,275.35,273.46,279.05,275.6
2018/12/7,275.6,275.8,275.4,271.28,277,276
2018/12/10,278.5,278.9,278.24,270.46,275.4,278.8
2018/12/11,277.6,278.5,277.6,269.9,275.75,278.6
2018/12/12,277.74,277.45,276.64,271.65,276.8,278
2018/12/13,277.36,278.5,276.8,272.37,277.3,276.85
2018/12/14,277.22,277.5,277,273.38,278.35,275.5
2018/12/17,276.4,276.8,276.1,274.45,279.35,283.4
2018/12/18,278.1,278.56,277.9,274.16,278.85,285.2
2018/12/19,278.88,278.9,278.3,274.6,279.65,286.5
2018/12/20,278.88,279,278.49,274.46,279.5,286.8
2018/12/21,280.6,280.95,280.8,274.09,278.8,288.45
2018/12/24,282,281.8,281.6,272.72,277.7,289.6
2018/12/25,283.8,283.4,283.2,274.65,279.3,290.7
2018/12/26,284.49,284.21,283.55,274.53,279.05,290.3
2018/12/27,283.09,282.89,282.5,274.06,278.4,289.7
2018/12/28,283.26,284.83,283.8,273.85,279.35,291
2019/1/2,285.35,285.88,284.9,275.2,280.4,292
2019/1/3,286.91,287.3,287,275.41,280.2,294
2019/1/4,288,287.5,287.45,278.36,283.2,294.05
2019/1/7,286.8,286.2,285.99,277.92,282.3,292.1
2019/1/8,285.4,284.7,284.2,276.74,281.3,290.95
2019/1/9,284.6,283.85,283.75,276.58,280.9,289.85
2019/1/10,286,283.8,284.6,276.49,280.2,290.7
2019/1/11,283.95,283.2,282.5,276.11,280.15,289.05
2019/1/14,283.66,283.5,283.2,277.81,281.85,288.85
2019/1/15,283,282.3,282.15,278.4,282.45,287.85
2019/1/16,283.71,282.98,282.8,278.2,282.1,288.4
2019/1/17,283.9,283.1,283,280.66,284.95,288.75
2019/1/18,284.3,283.3,283.4,281.45,285.5,288.6
2019/1/21,282.79,282.25,282.2,283.12,287.2,286.5
2019/1/22,282.5,282.79,282.49,282.4,286.25,286.9
2019/1/23,283.73,282.36,282.3,283.57,287.55,287.05
2019/1/24,282.45,282.6,282.22,286.82,290.8,286.8
2019/1/25,282.49,282.5,281.8,287.05,290.45,286.65
2019/1/28,284.12,284.4,284.4,285.81,288.6,288.7
2019/1/29,285.75,285.9,286,284.38,287.1,289.7
2019/1/30,287,286.79,286.49,283.51,286.5,290.1
2019/1/31,286.35,286.7,286.5,284.25,286.95,290.6
2019/2/1,287.11,287.4,287.3,282.82,285.1,291.7
2019/2/11,287.2,287.45,287.35,282.82,285.05,291.6
2019/2/12,287.9,287.95,287.98,281.98,284.35,291.5
2019/2/13,286.9,287.08,287.2,282.68,284.75,291.3
2019/2/14,287,286.5,286.71,283.04,285,290.7
2019/2/15,288,288.41,288.3,283.11,285.1,292.4
2019/2/18,289.78,289.98,289.95,282.27,283.55,294.1
2019/2/19,290.94,290.69,290.4,282.35,283.75,294.35
2019/2/20,292.02,292.36,292.5,282,283.15,296.4
2019/2/21,290.1,290.72,290.6,281.8,283.05,294.85
2019/2/22,289.34,289.23,288.8,284.44,285.5,292.55
2019/2/25,288.75,288.32,288.3,285.9,286.65,292.75
2019/2/26,288,288,288,286.6,287.15,292.35
2019/2/27,288,287.9,287.75,286.67,287.55,291.8
2019/2/28,286.25,286.35,285.99,287.25,288.5,290.1
2019/3/1,285.57,284.45,284.5,287.35,288.6,288.8
2019/3/4,281.88,280.71,280.61,287.72,289.05,284.75
2019/3/5,280.39,279.55,279.3,287.15,288.4,284
2019/3/6,281.77,281.5,281.43,286.65,287.8,285.1
2019/3/7,280.1,280,279.8,288.37,289.6,283.8
2019/3/8,282.5,282.55,282.4,289.92,290.85,285
2019/3/11,283.55,283.5,283.5,290.7,291.3,287.8
2019/3/12,283.5,282.8,283.06,292.36,293.15,286.9
2019/3/13,285.88,284.88,284.55,290.73,291.65,288.15
2019/3/14,284.9,284.34,284,288.71,290,287.8
2019/3/15,284.25,284.28,284.1,288.39,289.55,287.5
2019/3/18,283.99,284.17,283.9,287.86,289.35,287.5
2019/3/19,284.9,285.2,284.9,287.8,288.6,288.5
2019/3/20,285.39,284.58,284.65,286.35,287.1,287
2019/3/21,286.79,286.48,286.5,284.55,285.5,289.7
2019/3/22,286.4,286.5,285.93,280.49,281.65,288.9
2019/3/25,287.87,287.25,287.1,279.4,280.8,290.7
2019/3/26,286.6,287.7,287.3,281.13,282.5,291.1
2019/3/27,287.2,287.1,287.1,279.9,280.85,291.1
2019/3/28,286.5,286.5,286.3,282.49,284.45,290.2
2019/3/29,281.5,281,281.99,283.38,284.75,284.7
2019/4/1,282,282,281.2,282.78,284.15,284.9
2019/4/2,281.8,281.5,281.45,284.62,285.85,284.95
2019/4/3,282.61,282.05,281.9,284.19,285,285.7
2019/4/4,282.45,282.79,282.1,284.2,285,285.6
2019/4/8,283.99,283.55,283.5,283.95,285,286.95
2019/4/9,284.77,283.82,283.6,284.86,286.2,287
2019/4/10,284.61,285,284.8,284.52,285.6,288.15
2019/4/11,285.27,285.15,285.3,286.46,287.2,288.35
2019/4/12,283.02,282.8,283.1,285.85,286.5,286.6
2019/4/15,282.46,281.45,281.5,287.1,287.6,284.7
2019/4/16,281.99,281.4,281.4,287.07,288,284.1
2019/4/17,279.98,279.73,279.6,286.46,287.35,282.95
2019/4/18,278.12,278.79,278,281,282.25,281.3
2019/4/19,279.8,279.6,279.5,281.41,282.1,282.25
2019/4/22,280.3,280.12,279.9,281.46,282.5,283.4
2019/4/23,279.58,279.1,279,282.05,283.15,282.2
2019/4/24,279.09,278.5,278.3,282.29,282.95,281.55
2019/4/25,280.5,280.1,280,283.56,284.1,283.1
2019/4/26,281.3,281,280.8,283.88,284.6,284.6
2019/4/29,281,280.53,280.6,285.03,285.7,284.2
2019/4/30,280.99,280.85,280.6,285.26,286,284.15
2019/5/6,283,281.8,282.1,282.8,283.2,286.15
2019/5/7,282.48,281.8,281.55,281.36,281.8,285.3
2019/5/8,283.43,282.9,282.9,281.16,281.45,287
2019/5/9,283.2,283.69,283.01,279.56,280.15,287.25
2019/5/10,283.5,283.3,283,278.49,278.8,286.95
2019/5/13,284.7,285.05,285.1,279.45,279.7,289
2019/5/14,288.5,288.73,288.6,280.14,280.5,292.4
2019/5/15,288.1,287.58,287.8,278.88,279,291.05
2019/5/16,288.6,288.7,288.55,278.54,278.4,292.7
2019/5/17,288.35,288,288.05,280.05,280.5,291.6
2019/5/20,286.95,287,286.5,280.85,281.5,289.45
2019/5/21,286.83,286.6,286.6,280.5,281.6,289.1
2019/5/22,286.5,286.35,286.2,280.54,281.3,288.5
2019/5/23,287,286.6,286.85,281.9,282.65,289.5
2019/5/24,288.29,288.11,288.2,281.79,282.1,291
2019/5/27,288.5,288.3,288.33,282.77,283.8,291.05
2019/5/28,288.2,288.5,288.2,283.32,284.1,290.8
2019/5/29,288.8,288.7,288.5,283.3,284.65,290.5
2019/5/30,287.95,287.1,287,285.11,286,290
2019/5/31,290.5,290.87,290.7,288.67,289.1,293.2
2019/6/3,293.52,294.57,294,287.68,288.05,297
2019/6/4,297.59,297.6,297.1,288.78,289.05,299.4
2019/6/5,298.83,298.98,298.9,288.1,288.65,301
2019/6/6,299.49,299.48,299.2,286.6,286.6,301.8
2019/6/10,298,298.7,298.55,286.23,286.3,300.6
2019/6/11,297.22,297,297.12,286.8,286.75,299.35
2019/6/12,299.2,299.64,299.8,288.48,288.5,302.5
2019/6/13,300.25,300.2,300.2,288.37,288.5,302.6
2019/6/14,304.7,305.15,305,288.32,288.7,307.15
2019/6/17,302.3,301.35,301.5,288.71,288.95,303.5
2019/6/18,304.38,303.6,303.5,287.13,287.4,306.55
2019/6/19,302.2,302.22,301.9,290.73,290.45,304.35
2019/6/20,308.7,308.6,308.5,294.71,294.6,310.65
2019/6/21,311.48,311,311.1,297.61,297.8,313
2019/6/24,313.96,313.45,313,298.72,299.2,315.7
2019/6/25,320,320.98,319.25,299.2,299.5,322.4
2019/6/26,314.99,314.85,314.5,298.69,298.75,316.9
2019/6/27,314,314,313.1,297.2,297.1,315.6
2019/6/28,314.9,314.7,314,299.72,299.75,318
2019/7/1,307,307.6,306.6,300.39,300.55,309
2019/7/2,309.89,309.75,309.55,305.13,305.4,311.8
2019/7/3,318.2,318,318.2,301.5,307.2,320.2
2019/7/4,315.6,315.2,314.9,301.85,308,317.6
2019/7/5,315.5,315.7,315.8,308.3,315.45,318.05
2019/7/8,314.72,314.2,313.9,311.28,317.4,316.2
2019/7/9,311.5,311.53,311.25,313.35,319,313.65
2019/7/10,311.18,311.15,310.91,319.8,324.85,313.45
2019/7/11,316.75,316.5,316.6,314.7,319.35,319
2019/7/12,314.66,314.6,313.95,314.7,319.3,315.85
2019/7/15,314.31,315.1,315.15,307.32,311.6,317.65
2019/7/16,315.87,315.26,315,309.79,314.6,317.5
2019/7/17,313.71,313.65,313.6,318.1,324.1,315.5
2019/7/18,316.25,316.5,316.5,315.19,320.2,318.9
2019/7/19,320.09,320.7,321.2,315.79,321,323
2019/7/22,318.4,318.45,318,314,319.65,320.35
2019/7/23,316.87,316.45,316.4,311.4,316.6,318.65
2019/7/24,316.62,317.55,317.2,311.3,316.2,319.7
2019/7/25,317.95,317.6,318,316.6,321.7,320.05
2019/7/26,316.8,316.85,316.8,314.67,319.6,318.85
2019/7/29,317,317.15,317,315.28,320.2,319.65
2019/7/30,318.37,318.49,318.35,313.67,319,320.7
2019/7/31,319.1,319.8,319.5,316.65,321.5,321.9
2019/8/1,314.81,315.5,314.7,320.68,326,317
2019/8/2,322.13,322.7,322.3,318.32,324.05,324.35
2019/8/5,330.31,331.9,332,316.26,321.5,334.3
2019/8/6,333.33,333.07,333,317.5,323.25,336.4
2019/8/7,340.2,340.3,340,317.79,323.65,341.65
2019/8/8,342.5,343.4,342.1,316.86,321.45,344.6
2019/8/9,343.15,343.45,343.4,317.2,322.75,346.2
2019/8/12,342.39,341.5,341.4,318.43,324,344
2019/8/13,349.49,350.02,349.5,319.6,324.95,352.5
2019/8/14,342.79,341.8,341,314.86,320.55,343
2019/8/15,344.99,345.18,344.1,322.4,327.6,347.2
2019/8/16,345.8,346,345.4,332.09,337.5,347.7
2019/8/19,344.49,344.3,344,339.88,345.85,346.3
2019/8/20,342.98,343.5,342.3,343.4,350,345
2019/8/21,344,342.5,342.8,341.36,347.5,345.4
2019/8/22,343.9,343.8,343.9,349.58,356,346.1
2019/8/23,343.78,343,343.4,341.2,347,346.3
2019/8/26,354.5,355.1,355,345.36,351.2,357
2019/8/27,355.97,356.25,356.2,343.98,349.55,358.8
2019/8/28,356.6,357.2,356.9,342.83,348,358.9
2019/8/29,360,359,358.8,342.77,348.7,360.6
2019/8/30,355.48,354.15,354.1,343.6,349.6,357.15
2019/9/2,353.4,353,353,343.32,349.2,355.35
2019/9/3,355,355.2,355,354.87,361,357
2019/9/4,357.6,356.6,357.4,355.91,362,360
2019/9/5,358.45,358.4,358,357.01,363.5,360.55
2019/9/6,348.97,348.75,349.55,359.18,364.9,350
2019/9/9,348,348.2,347.51,353.55,361.3,350.2
2019/9/10,343.7,343.3,342,352.81,360.45,345.25
2019/9/11,344.09,344.05,343.8,355.01,360.7,346.25
2019/9/12,345.1,344.8,342.8,356.59,362.5,346.2
2019/9/16,344.97,344.72,344.5,357.66,364.25,346.4
2019/9/17,344.58,343.7,343.3,347.73,353.2,345
2019/9/18,345.1,344.6,344.65,347.65,354.05,346.4
2019/9/19,345.45,343.9,343.7,342.91,348.85,345.05
2019/9/20,344.8,344.8,344.95,343.5,350,347.4
2019/9/23,349.29,348.66,348.5,344.27,350,350.75
2019/9/24,350.89,349.87,349.8,344.3,350.2,351.85
2019/9/25,352.78,352.15,352.2,343.21,348.85,353.65
2019/9/26,348.15,347.2,347.4,344.68,350.8,349.2
2019/9/27,348.3,345.25,345,343.5,348.05,346
2019/9/30,344.9,344.3,343,345.17,350.9,344.4
2019/10/8,346,344,342.9,348.98,353.4,344.5
2019/10/9,348.95,348.4,348,352.01,357.85,348.8
2019/10/10,347.5,346.8,346,347.21,353.95,346.95
2019/10/11,347.46,344.95,344.5,345.14,350,345.8
2019/10/14,341,339.75,339.6,344.1,352,340.85
2019/10/15,342.5,341.2,340.6,343.31,349.7,341.25
2019/10/16,340.8,340.2,340,348.2,354.2,340.45
2019/10/17,342,341.45,341.1,344.38,350.4,341.9
2019/10/18,342.1,340.38,340.5,339.48,345.1,341.2
2019/10/21,342.4,340.83,340.5,340.64,346.15,341.8
2019/10/22,342.25,340.18,339.7,339.82,344.35,340.6
2019/10/23,342,340.55,340.7,341.33,347.2,342.75
2019/10/24,342.79,340.2,340,340.45,347.1,341
2019/10/25,344,343.8,343.7,340.73,346.55,344.6
2019/10/28,343.31,343.65,343.5,339.57,345.05,344.4
2019/10/29,340.4,340.25,340,340.8,346.75,340.9
2019/10/30,340.88,339.8,339.4,339.75,346.05,340.55
2019/10/31,341.28,340.3,340.1,343.85,349.45,340.85
2019/11/1,342.3,343.15,343,343.54,349.45,344
2019/11/4,343.63,342.48,342.35,340.06,347.65,343.55
2019/11/5,340.61,340.99,340.35,339.53,345.65,341.65
2019/11/6,336.48,336.05,335.75,340.18,346.35,336.2
2019/11/7,337.2,335.9,337.4,342.96,349,336.35
2019/11/8,331.03,331.49,331.2,342.42,348.7,331.5
2019/11/11,331.47,330.95,330.6,340.55,346.5,331.55
2019/11/12,328.85,328,327.4,335.6,341.9,328.2
2019/11/13,331.97,330.9,330.9,335.48,343.35,331.55
2019/11/14,332.4,331.94,331.7,330.79,334.85,332.05
2019/11/15,331.11,331.18,330.6,330.55,336.1,331.65
2019/11/18,330.94,330.8,331,327.47,332.7,332
2019/11/19,333.8,332.45,332.86,330.75,335.85,334.15
2019/11/20,335,333.79,333.7,331.75,337,334.9
2019/11/21,335.39,333.6,333.4,330.85,335.95,335.4
2019/11/22,333.89,333.9,332.9,330.6,336.1,333.15
2019/11/25,331.06,330.75,330.5,332.52,338.45,328.55
2019/11/26,332.2,330.4,330.1,333.32,338.8,330.2
2019/11/27,330.7,331.5,330.65,332.59,337.2,330.5
2019/11/28,330.5,330.6,329.5,330.34,335.5,330.5
2019/11/29,331.5,331.7,330.65,330.05,334.15,331
2019/12/2,331.92,331.4,331,330.64,335.45,331.1
2019/12/3,332.99,333,331.9,329.96,334.85,332.1
2019/12/4,339.48,338.46,338,330.51,336.15,338
2019/12/5,336.99,336.4,336,330.94,336.05,336.85
2019/12/6,336.69,334.6,334.21,338.19,345,334.3
2019/12/9,332.5,332.59,332,335.5,341.4,332.4
2019/12/10,333.99,333.5,332,334.03,339,332.1
2019/12/11,333.4,332.77,332.5,331.85,336.35,332.5
2019/12/12,335.75,334.69,334.48,332.25,336.2,334.95
2019/12/13,335,331.79,330.81,334.05,339.1,330.45
2019/12/16,334,334.16,333.6,330.23,334.7,341.2
2019/12/17,334.8,333.7,333.5,333.81,338.25,341
2019/12/18,333.7,334.25,333.8,333.5,338,341.35
2019/12/19,333.16,333.5,333.5,333.7,338.55,341
2019/12/20,335.2,334.8,334.2,333.23,338.1,342
2019/12/23,335.31,336.08,336,334.18,339,341.05
2019/12/24,337.96,336.95,337.13,335.69,338.55,344.85
2019/12/25,339,338.53,338.5,336.72,341.85,347
2019/12/26,340.05,339.7,339.7,338.5,343.8,347
2019/12/27,339.11,340.47,340.7,339.47,344.6,348
2019/12/30,341.75,340.39,340.6,340.4,345.95,348.55
2019/12/31,342.98,340.8,342.7,340.5,345.4,350.65
2020/1/2,343.4,341.9,341.6,342.31,347.3,349.2
2020/1/3,348,347.38,347,341.26,345.95,354.15
2020/1/6,354.5,354.5,354.5,346.43,350.7,362.4
2020/1/7,351,351.35,351,354.04,357.5,358.25
2020/1/8,356.1,356.5,357.2,351.34,353.55,364.2
2020/1/9,347.03,345.51,345.5,356.05,358,353.65
2020/1/10,346.3,346.6,346.5,345.48,349.55,352.65
2020/1/13,346.52,345.7,345.8,346.94,348.1,352.8
2020/1/14,342.96,342.8,342.6,345.85,348.9,349.5
2020/1/15,343.6,345,344.8,342.8,344.9,351.8
2020/1/16,345.74,345.45,345.4,344.95,346.5,351.9
2020/1/17,344.5,344.75,344.7,345.49,347.65,351.6
2020/1/20,345,345.2,345.08,344.3,347.6,352.35
2020/1/21,348.25,348.2,348.4,345.2,348.15,355.5
2020/1/22,345.3,346,345.35,348.18,351.45,353.4
2020/1/23,347.3,347.89,347.4,345.9,348.05,354.6
2020/2/3,355.8,356.1,356.3,347.04,350.85,364
2020/2/4,353.9,354.05,353.5,356,359.1,360.95
2020/2/5,350.88,351.7,351,353.92,356.45,359
2020/2/6,349.78,349.31,349,351.87,353.15,356.45
2020/2/7,351.99,351.8,351.3,349.6,352.55,359.15
2020/2/10,353,353,352.2,351.65,354.6,361.45
2020/2/11,352.12,352.5,351.2,353,354.8,359
2020/2/12,352,351,350.4,352.13,354.75,358
2020/2/13,353,353.45,352.9,350.79,354,361.35
2020/2/14,353.5,353.77,354,353.75,355.5,360.9
2020/2/17,355.14,355.3,355,353.95,356.7,361.95
2020/2/18,356.5,357.1,356.95,355.41,357.55,363.5
2020/2/19,360.3,360.8,361.2,357.4,359.35,367.6
2020/2/20,360.01,362.3,362,361.15,365,369.55
2020/2/21,368.36,369.76,369,362.3,366,376
2020/2/24,377.49,376.9,377,369.49,372.5,384.7
2020/2/25,369,370.55,369.2,377.32,378.15,376
2020/2/26,371,371.76,371.6,369.93,372.65,377.85
2020/2/27,372,371.3,371.9,371.64,374.3,379
2020/2/28,368,365.35,366,371.25,375.4,373
2020/3/2,359.01,359.5,358.5,365.4,368,365.5
2020/3/3,360,358.73,358.2,359.02,361.25,364.35
2020/3/4,365.1,365,364,358.22,360.7,371.5
2020/3/5,366.32,366.5,365.7,364.72,367.1,372.05
2020/3/6,373.88,372.4,372.9,365.93,367.85,378.5
2020/3/9,373,373,371.5,373.05,374.05,380
2020/3/10,368.98,367.49,366.6,373,375,372.3
2020/3/11,370.48,370,368.5,366.68,368.35,374
2020/3/12,367.2,366.5,365.1,369.69,371.95,370
2020/3/13,357.49,356.2,355,366.26,367.15,360
2020/3/16,346,345,345,355.5,356,352
2020/3/17,332.6,331.5,331.8,344.75,348.8,334
2020/3/18,338,338.1,338.1,330.78,330,342
2020/3/19,336,336.15,334.5,338.17,339.6,340
2020/3/20,340,340.1,339,335.61,336.5,344.8
2020/3/23,340,339.4,338.5,340.05,340.3,342.75
2020/3/24,357,356.6,356,338.75,339.9,359.3
2020/3/25,364,362.8,363.6,356.9,357.75,367.15
2020/3/26,362.9,362,362,363.48,364.5,365.55
2020/3/27,365.5,365.5,366,362.39,363,369.05
2020/3/30,364,364.18,363.8,365.95,367.4,366.9
2020/3/31,364.75,364.7,364.5,364,364.75,367.05
2020/4/1,359.51,360,356,363.8,365.05,361.35
2020/4/2,360.99,360.39,358.5,360.2,360,365
2020/4/3,362.88,362.5,362.5,360.33,362,365.9
2020/4/7,371.65,371,372.5,362.7,363.75,376
2020/4/8,370.01,370,370,370.9,373,373.5
2020/4/9,370.88,370.3,370,370.33,371,373.8
2020/4/10,372.15,372.25,374.95,370.78,372,376.05
2020/4/13,373,371.95,371,372.6,374.3,376.65
2020/4/14,376.1,377,380.8,371.77,373.55,380
2020/4/15,373.8,374.89,375.5,377,377.6,377
2020/4/16,377.35,378.3,378,373.75,375.15,381.55
2020/4/17,371,370.5,374.5,378.35,380.6,375.3
2020/4/20,370.51,370.3,370.4,369.99,370.3,372.65
2020/4/21,374.3,374.6,373.05,369.92,371.1,376.5
2020/4/22,373.9,373.68,373.8,374.61,374,375.2
2020/4/23,378.71,378.81,379.1,378.78,379.9,381.55
2020/4/24,381.89,381,382,382.03,382.9,385.1
2020/4/27,380.98,380.5,380,380.1,380.9,382
2020/4/28,377.54,377,377.3,376.56,377.3,379
2020/4/29,378.89,378.1,378,378.24,379.3,381.05
2020/4/30,381,381,383,380.69,380.8,383
